{
    "dno_dT" : -9.3E-6,
    "dne_dT" : -16.6E-6,
    "alpha_a" : 4E-6,
    "alpha_c" : 36E-6,
    "alphas_no" : [2.67579, 0.02099, 0.00470, 0.00528],
    "alphas_ne" : [2.31197, 0.01184, 0.01607, 0.00400]
}