{
    "dno_dT" : 8.5E-6,
    "dne_dT" : 3.0E-6,
    "alpha_a" : 4.4E-6,
    "alpha_c" : 11.4E-6,
    "alphas_no" : [3.77834, 0.069736, 0.04724, 0.0108133],
    "alphas_ne" : [4.59905, 0.110534, 0.04813, 0.0122676]
}