{
    "dno_dT" : 8.5E-6,
    "dne_dT" : 3.0E-6,
    "alpha_a" : 4.4E-6,
    "alpha_c" : 11.4E-6,
    "alphas_no" : [3.77879, 0.070479, 0.045731, 0.009701],
    "alphas_ne" : [4.6072, 0.108087, 0.052495, 0.014305]
}